rank,taxon,source_index,train_prevalence,train_mean_abundance
1,g__Pseudomonas,7412,0.6268292682926829,0.043449338525533676
2,g__Acinetobacter,109,0.5573170731707318,0.0230752881616354
3,g__Streptococcus,8593,0.49878048780487805,0.040629252791404724
4,g__Flavobacterium,3413,0.47317073170731705,0.012258883565664291
5,g__Lactobacillus,4662,0.4219512195121951,0.0168119128793478
6,g__Bacteroides,960,0.4195121951219512,0.028094228357076645
7,g__Sphingomonas,8394,0.4170731707317073,0.010795003734529018
8,g__Bacillus,956,0.38170731707317074,0.013899486511945724
9,g__Mycobacterium,5676,0.3780487804878049,0.0030996459536254406
10,g__Nocardioides,5951,0.37073170731707317,0.003987207543104887
11,g__Haliangium,3858,0.3621951219512195,0.006708494853228331
12,g__Romboutsia,7818,0.35609756097560974,0.006185547914355993
13,g__Bdellovibrio,1039,0.3475609756097561,0.0017916143406182528
14,g__Blautia,1131,0.3439024390243902,0.00623232452198863
15,g__Methylobacterium,5395,0.325609756097561,0.006153038702905178
16,g__Corynebacterium,2296,0.325609756097561,0.003926184959709644
17,g__Brevundimonas,1255,0.3207317073170732,0.0016859234310686588
18,g__Faecalibacterium,3313,0.3170731707317073,0.010829497128725052
19,g__Actinomyces,156,0.3170731707317073,0.005307646002620459
20,g__Chryseobacterium,2002,0.31097560975609756,0.003453299170359969
21,g__Roseburia,7825,0.3048780487804878,0.004353127907961607
22,g__Hyphomicrobium,4316,0.3048780487804878,0.0027054068632423878
23,g__Legionella,4745,0.3048780487804878,0.002554794540628791
24,g__Coxiella,2319,0.30365853658536585,0.0019576314371079206
25,g__Staphylococcus,8491,0.3024390243902439,0.01340332068502903
26,g__Lachnoclostridium,4648,0.2951219512195122,0.002337042475119233
27,g__Pirellula,6884,0.2926829268292683,0.0028999645728617907
28,g__Veillonella,9425,0.2865853658536585,0.007761204149574041
29,g__Bifidobacterium,1091,0.2865853658536585,0.0042224484495818615
30,g__Clostridium,2122,0.2841463414634146,0.003075386630371213
31,g__Ferruginibacter,3359,0.2804878048780488,0.004755303729325533
32,g__Fusobacterium,3512,0.2804878048780488,0.004602483008056879
33,g__Fluviicola,3434,0.2804878048780488,0.003138634841889143
34,g__Luteolibacter,5025,0.27682926829268295,0.0031248684972524643
35,g__Paenibacillus,6291,0.275609756097561,0.0030833673663437366
36,g__Turicibacter,9297,0.275609756097561,0.0018077603308483958
37,g__Peredibacter,6638,0.275609756097561,0.0010312758386135101
38,g__Arcobacter,711,0.2731707317073171,0.006450641434639692
39,g__Bryobacter,1270,0.2731707317073171,0.004386516287922859
40,g__Massilia,5202,0.2682926829268293,0.002724180230870843
41,g__Alistipes,316,0.2658536585365854,0.006751914042979479
42,g__Pajaroellobacter,6299,0.2658536585365854,0.0016521505312994123
43,g__Roseomonas,7848,0.2646341463414634,0.0011587436310946941
44,g__Arenimonas,726,0.2621951219512195,0.0016674456419423223
45,g__Lautropia,4717,0.2621951219512195,0.0012293093604966998
46,g__Haemophilus,3836,0.26097560975609757,0.0066186352632939816
47,g__Gemmatimonas,3589,0.2597560975609756,0.002319575985893607
48,g__Anaerostipes,498,0.25853658536585367,0.0020142404828220606
49,g__Paracoccus,6364,0.2573170731707317,0.002848334377631545
50,g__Prevotella,7154,0.25609756097560976,0.005697828251868486
51,g__Chthoniobacter,2028,0.25365853658536586,0.0032284504268318415
52,g__Conexibacter,2226,0.25365853658536586,0.0011354581220075488
53,g__Iamia,4337,0.25121951219512195,0.0008590671350248158
54,g__Devosia,2723,0.25121951219512195,0.0007774160476401448
55,g__Enterococcus,3088,0.25,0.0044073788449168205
56,g__Phenylobacterium,6744,0.25,0.000925569562241435
57,g__Desulfovibrio,2703,0.24878048780487805,0.0033587347716093063
58,g__Acidibacter,84,0.24878048780487805,0.002826318610459566
59,g__Streptomyces,8595,0.24878048780487805,0.001658747554756701
60,g__Halomonas,3925,0.2475609756097561,0.004442544188350439
61,g__Bradyrhizobium,1228,0.24390243902439024,0.0027490670327097178
62,g__Candidatus_Solibacter,1626,0.24146341463414633,0.0037264442071318626
63,g__Pedomicrobium,6576,0.23658536585365852,0.0014897426590323448
64,g__Neisseria,5799,0.23536585365853657,0.004442199598997831
65,g__Rothia,7854,0.23536585365853657,0.004151397384703159
66,g__Gaiella,3523,0.23536585365853657,0.002426506718620658
67,g__Subdoligranulum,8638,0.23414634146341465,0.0037077253218740225
68,g__Phaselicystis,6733,0.23414634146341465,0.0009479476138949394
69,g__Ilumatobacter,4368,0.2329268292682927,0.0009703278774395585
70,g__Lactococcus,4663,0.23170731707317074,0.004263013601303101
71,g__Altererythrobacter,374,0.22926829268292684,0.001210804795846343
72,g__Alloprevotella,360,0.2280487804878049,0.0035880766808986664
73,g__Dorea,2920,0.2280487804878049,0.0016217968659475446
74,g__Dialister,2732,0.22682926829268293,0.002807352924719453
75,g__Terrimonas,8860,0.22682926829268293,0.0015329617308452725
76,g__Psychrobacter,7491,0.22439024390243903,0.0024280487559735775
77,g__Novosphingobium,5991,0.22439024390243903,0.0005727940006181598
78,g__Agathobacter,235,0.22317073170731708,0.0013937903568148613
79,g__Blastocatella,1120,0.22195121951219512,0.0016556360060349107
80,g__Lysobacter,5051,0.22195121951219512,0.0005509858019649982
81,g__Reyranella,7661,0.22073170731707317,0.000992742134258151
82,g__Akkermansia,262,0.21707317073170732,0.005081953480839729
83,g__Gemella,3580,0.21585365853658536,0.003014172660186887
84,g__Ruminiclostridium,7892,0.21585365853658536,0.0019071252318099141
85,g__Rhodopirellula,7743,0.2146341463414634,0.0012361838016659021
86,g__Geobacter,3600,0.2121951219512195,0.0025456510484218597
87,g__Parabacteroides,6346,0.21097560975609755,0.004638642072677612
88,g__Rhodococcus,7731,0.2097560975609756,0.0003446587361395359
89,g__Porphyromonas,7116,0.2073170731707317,0.002377426251769066
90,g__Lacunisphaera,4666,0.2073170731707317,0.0009559524478390813
91,g__Leptotrichia,4827,0.2048780487804878,0.0026177936233580112
92,g__Blastopirellula,1129,0.2048780487804878,0.002044208347797394
93,g__Bauldia,1032,0.20365853658536584,0.000505020550917834
94,g__Aeromonas,209,0.2,0.0012484135804697871
95,g__Paludibacter,6313,0.2,0.0009589238907210529
96,g__Candidatus_Udaeobacter,1650,0.1975609756097561,0.009535948745906353
97,g__Aquicella,665,0.1975609756097561,0.0007377345464192331
98,g__Phascolarctobacterium,6727,0.1951219512195122,0.0025457122828811407
99,g__Solirubrobacter,8320,0.1951219512195122,0.0019908573012799025
100,g__Hymenobacter,4301,0.1951219512195122,0.0017281637992709875
101,g__Pseudolabrys,7404,0.1951219512195122,0.0011910309549421072
102,g__Anaerococcus,478,0.19390243902439025,0.0020607730839401484
103,g__Nitrosomonas,5938,0.19390243902439025,0.0014926474541425705
104,g__Anaerovorax,503,0.19390243902439025,0.0009214101010002196
105,g__Collinsella,2186,0.1926829268292683,0.001913663698360324
106,g__Granulicatella,3764,0.1926829268292683,0.00143171357922256
107,g__Anaeromyxobacter,487,0.18902439024390244,0.002414984628558159
108,g__Comamonas,2205,0.1878048780487805,0.0006573408027179539
109,g__Pedobacter,6575,0.1878048780487805,0.00025814754189923406
110,g__Oscillibacter,6224,0.18658536585365854,0.0016327867051586509
111,g__Gemmata,3588,0.18658536585365854,0.000813436578027904
112,g__Opitutus,6170,0.18658536585365854,0.0007828513043932617
113,g__Hirschia,4171,0.18658536585365854,0.0006767581799067557
114,g__Campylobacter,1417,0.18292682926829268,0.0020802568178623915
115,g__Fusicatenibacter,3510,0.18292682926829268,0.0011592749506235123
116,g__Marvinbryantia,5198,0.17926829268292682,0.0010736268013715744
117,g__Pseudonocardia,7419,0.17804878048780487,0.0009344207937829196
118,g__Limnobacter,4880,0.17804878048780487,0.0007221976411528885
119,g__Fimbriiglobus,3385,0.17804878048780487,0.0005001452518627048
120,g__Caulobacter,1749,0.17804878048780487,0.0003713856276590377
121,g__Marmoricola,5189,0.17804878048780487,0.00034624410909600556
122,g__Fastidiosipila,3332,0.17682926829268292,0.0029629631899297237
123,g__Prosthecobacter,7236,0.17682926829268292,0.0012323230039328337
124,g__Nannocystis,5742,0.17682926829268292,0.0008032565237954259
125,g__Rhodoplanes,7744,0.17682926829268292,0.0007577475043945014
126,g__Cellvibrio,1767,0.17560975609756097,0.0009867878397926688
127,g__Desulfobulbus,2663,0.17560975609756097,0.0007660653791390359
128,g__Woeseia,9532,0.174390243902439,0.007537482306361198
129,g__Stenotrophomonas,8540,0.174390243902439,0.0018580362666398287
130,g__Deinococcus,2583,0.174390243902439,0.0008557400433346629
131,g__Sediminibacterium,8140,0.17317073170731706,0.0033446704037487507
132,g__Candidatus_Omnitrophus,1585,0.17317073170731706,0.0007747195195406675
133,g__Candidatus_Alysiosphaera,1435,0.17317073170731706,0.00042357356869615614
134,g__Sandaracinus,7996,0.17317073170731706,0.0002741898933891207
135,g__Pseudohongiella,7398,0.17073170731707318,0.002755717607215047
136,g__Peptoniphilus,6635,0.17073170731707318,0.0021552445832639933
137,g__Dyadobacter,2955,0.17073170731707318,0.0006305158603936434
138,g__Paludibaculum,6315,0.17073170731707318,0.0005531619535759091
139,g__Bacteriovorax,959,0.17073170731707318,0.0003372670616954565
140,g__Kocuria,4566,0.16951219512195123,0.0013047910761088133
141,g__Stenotrophobacter,8539,0.16951219512195123,0.0007836879813112319
142,g__Dongia,2916,0.16829268292682928,0.000883202301338315
143,g__Defluviicoccus,2571,0.16707317073170733,0.0009385204175487161
144,g__Candidatus_Megaira,1550,0.16707317073170733,0.00034132925793528557
145,g__Butyricicoccus,1298,0.16585365853658537,0.0008117856923490763
146,g__Arthrobacter,761,0.16585365853658537,0.0003009390493389219
147,g__Dinghuibacter,2805,0.16463414634146342,0.0010388914961367846
148,g__Cytophaga,2526,0.16463414634146342,0.0002616636920720339
149,g__Candidatus_Ovatusbacter,1586,0.16341463414634147,0.00039756225305609405
150,g__Tumebacillus,9290,0.16097560975609757,0.001327314181253314
151,g__Nakamurella,5733,0.1597560975609756,0.0003261787642259151
152,g__Candidatus_Berkiella,1456,0.1597560975609756,0.00024668517289683223
153,g__Sphingobacterium,8391,0.15853658536585366,0.001658200053498149
154,g__Microbacterium,5452,0.1573170731707317,0.0006248787976801395
155,g__Candidatus_Soleaferrea,1625,0.1573170731707317,0.00045017150114290416
156,g__Atopobium,847,0.1548780487804878,0.0007088300189934671
157,g__Rubrobacter,7879,0.15365853658536585,0.0015329396119341254
158,g__Singulisphaera,8255,0.15365853658536585,0.0004848122480325401
159,g__Longilinea,4969,0.15121951219512195,0.0014917136868461967
160,g__Sulfuritalea,8674,0.15121951219512195,0.0006769638857804239
161,g__Truepera,9270,0.15,0.0012795155635103583
162,g__Mucilaginibacter,5637,0.14878048780487804,0.0003847756888717413
163,g__Finegoldia,3388,0.1475609756097561,0.0015380143886432052
164,g__Brevibacterium,1248,0.1475609756097561,0.0010681768180802464
165,g__Candidatus_Xiphinematobacter,1657,0.1475609756097561,0.000940176541917026
166,g__Terrimicrobium,8859,0.1475609756097561,0.0006417616968974471
167,g__Cephaloticoccus,1789,0.14634146341463414,0.0003344951255712658
168,g__Erysipelothrix,3164,0.14512195121951219,0.0013071801513433456
169,g__Fodinicola,3439,0.14512195121951219,0.0008266552467830479
170,g__Lawsonella,4718,0.14390243902439023,0.0023485792335122824
171,g__Candidatus_Paracaedibacter,1590,0.14390243902439023,0.0003261409583501518
172,g__Methanobrevibacter,5356,0.14268292682926828,0.0020251006353646517
173,g__Terrisporobacter,8861,0.14268292682926828,0.0013090168358758092
174,g__Lachnospira,4649,0.14268292682926828,0.0012450015638023615
175,g__Lutispora,5032,0.14146341463414633,0.001171519048511982
176,g__Dokdonella,2897,0.14146341463414633,0.0007804783526808023
177,g__Oribacterium,6192,0.14146341463414633,0.0007787994691170752
178,g__Halioglobus,3869,0.1402439024390244,0.001545775798149407
179,g__Rhodobacter,7724,0.1402439024390244,0.0008232442196458578
180,g__Bergeyella,1066,0.1402439024390244,0.0005937076057307422
181,g__Gemmatirosa,3590,0.1402439024390244,0.0005729147815145552
182,g__Rubellimicrobium,7863,0.13902439024390245,0.0008715728181414306
183,g__Enterorhabdus,3091,0.13902439024390245,0.00038888337439857423
184,g__Erysipelatoclostridium,3163,0.13902439024390245,0.00037460049497894943
185,g__Acidothermus,104,0.1378048780487805,0.003523208200931549
186,g__Holdemanella,4185,0.1378048780487805,0.0012131419498473406
187,g__Mogibacterium,5568,0.1378048780487805,0.0005284425569698215
188,g__Polynucleobacter,7072,0.13658536585365855,0.013308629393577576
189,g__Moraxella,5622,0.13658536585365855,0.005983381532132626
190,g__Exiguobacterium,3290,0.13658536585365855,0.001612238585948944
191,g__Weissella,9511,0.13658536585365855,0.0008618875872343779
192,g__Syntrophomonas,8736,0.13414634146341464,0.002522044349461794
193,g__Flavisolibacter,3410,0.13414634146341464,0.00059898616746068
194,g__Alkanindiges,335,0.13414634146341464,0.000498129113111645
195,g__Methylotenera,5427,0.13414634146341464,0.000374306837329641
196,g__Leuconostoc,4843,0.1329268292682927,0.0055436850525438786
197,g__Caldicoprobacter,1348,0.13170731707317074,0.0033712279982864857
198,g__Dietzia,2791,0.13170731707317074,0.0007342409226112068
199,g__Neochlamydia,5828,0.13170731707317074,0.00013766692427452654
200,g__Hydrogenispora,4272,0.13048780487804879,0.001575853326357901
201,g__Oligoflexus,6106,0.12926829268292683,0.00019361404702067375
202,g__Rhodoferax,7734,0.12804878048780488,0.0012072823010385036
203,g__Candidatus_Saccharimonas,1620,0.12804878048780488,0.000935819698497653
204,g__Crocinitomix,2356,0.12804878048780488,0.0006881035515107214
205,g__Olsenella,6118,0.12804878048780488,0.00024756515631452203
206,g__Taibaiella,8761,0.12804878048780488,0.00020968329044990242
207,g__Tissierella,9116,0.12682926829268293,0.0019069566624239087
208,g__Vibrio,9456,0.12682926829268293,0.001785162603482604
209,g__Megasphaera,5247,0.12682926829268293,0.0010805650381371379
210,g__Nordella,5962,0.12682926829268293,0.0004192365158814937
211,g__Sedimentibacter,8135,0.12439024390243902,0.0032359687611460686
212,g__Parasutterella,6488,0.12439024390243902,0.0019073504954576492
213,g__Sulfurimonas,8670,0.12317073170731707,0.0020510931499302387
214,g__Dechloromonas,2565,0.12317073170731707,0.0017323594074696302
215,g__Candidatus_Accumulibacter,1427,0.12317073170731707,0.0007029167027212679
216,g__Acetitomaculum,56,0.12317073170731707,0.0006684721447527409
217,g__Filomicrobium,3384,0.12317073170731707,0.0005009473534300923
218,g__Adhaeribacter,181,0.12195121951219512,0.0006290311575867236
219,g__Shewanella,8207,0.12195121951219512,0.0005471848999150097
220,g__Acidovorax,105,0.12195121951219512,0.0005182691966183484
221,g__Roseibacillus,7828,0.12073170731707317,0.0021314050536602736
222,g__Fusibacter,3509,0.12073170731707317,0.0019875015132129192
223,g__Aerococcus,207,0.12073170731707317,0.0014247531071305275
224,g__Zoogloea,9640,0.12073170731707317,0.0013062023790553212
225,g__Rhodomicrobium,7738,0.12073170731707317,0.0003855467075482011
226,g__Phreatobacter,6800,0.12073170731707317,0.0002728208201006055
227,g__Syntrophorhabdus,8737,0.11951219512195121,0.001043026801198721
228,g__Anaerolinea,483,0.11951219512195121,0.0008732164278626442
229,g__Abiotrophia,5,0.11951219512195121,0.0005899909301660955
230,g__Labrys,4637,0.11951219512195121,0.00011905651626875624
231,g__Thiothrix,9068,0.11829268292682926,0.0034866551868617535
232,g__Treponema,9179,0.11829268292682926,0.0006540064350701869
233,g__Lewinella,4854,0.11829268292682926,0.0006090982933528721
234,g__Phaeodactylibacter,6697,0.11829268292682926,0.0005548124900087714
235,g__Negativibacillus,5793,0.11829268292682926,0.0003079971647821367
236,g__Methylorosula,5421,0.11829268292682926,0.0001604428980499506
237,g__Dolosigranulum,2910,0.11707317073170732,0.0038214195519685745
238,g__Odoribacter,6073,0.11707317073170732,0.0008808920974843204
239,g__Peptostreptococcus,6636,0.11707317073170732,0.00029723267653025687
240,g__Sulfurovum,8678,0.11585365853658537,0.0024205343797802925
241,g__Catenibacterium,1731,0.11585365853658537,0.0009513212135061622
242,g__Capnocytophaga,1673,0.11585365853658537,0.0007074359455145895
243,g__Rheinheimera,7685,0.11585365853658537,0.00027279939968138933
244,g__Solobacterium,8324,0.11585365853658537,0.0002508523757569492
245,g__Syntrophus,8739,0.11463414634146342,0.0010243738070130348
246,g__Saccharofermentans,7916,0.11463414634146342,0.0009351612534373999
247,g__Chryseolinea,2004,0.11463414634146342,0.0003933497646357864
248,g__Proteiniphilum,7244,0.11341463414634147,0.004285815637558699
249,g__Cetobacterium,1833,0.11341463414634147,0.001245063729584217
250,g__Candidatus_Competibacter,1473,0.11341463414634147,0.0008697643643245101
251,g__Thermomonas,8993,0.11341463414634147,0.0008159521385096014
252,g__Asticcacaulis,826,0.11341463414634147,0.0002642357721924782
253,g__Steroidobacter,8558,0.11219512195121951,0.0005207216599956155
254,g__Aquabacterium,658,0.11219512195121951,0.0003911088570021093
255,g__Eisenbergiella,3015,0.11219512195121951,0.0003032978274859488
256,g__Papillibacter,6344,0.11219512195121951,0.000263971887761727
257,g__Schlesneria,8080,0.11219512195121951,0.0002280995831824839
258,g__Methanobacterium,5355,0.11097560975609756,0.001493429415859282
259,g__Sutterella,8684,0.10975609756097561,0.0013756699627265334
260,g__Segetibacter,8149,0.10853658536585366,0.0007303315214812756
261,g__Brachybacterium,1208,0.10853658536585366,0.00035642331931740046
262,g__Limnohabitans,4887,0.1073170731707317,0.0018721407977864146
263,g__Smithella,8296,0.1073170731707317,0.0013849865645170212
264,g__Facklamia,3312,0.1073170731707317,0.0006635759491473436
265,g__Amaricoccus,386,0.1073170731707317,0.0001683441805653274
266,g__Gordonia,3740,0.1048780487804878,0.0002904282882809639
267,g__Desulfatiglans,2650,0.10365853658536585,0.004456406459212303
268,g__Syntrophobacter,8733,0.10365853658536585,0.000933289818931371
269,g__Pedosphaera,6577,0.10365853658536585,0.00013646905426867306
270,g__Desulfotomaculum,2701,0.1024390243902439,0.000818447268102318
271,g__Leptolinea,4809,0.1024390243902439,0.0006005320465192199
272,g__Shuttleworthia,8215,0.1024390243902439,0.0002683354541659355
273,g__Cutibacterium,2429,0.10121951219512196,0.003699034219607711
274,g__Hydrogenophaga,4277,0.10121951219512196,0.0006731385365128517
275,g__Rhodovastum,7756,0.10121951219512196,0.0002571841177996248
276,g__Sphingobium,8392,0.1,0.0002471302868798375
277,g__Microvirga,5511,0.1,0.00016528980631846935
278,g__Ralstonia,7613,0.09878048780487805,0.004415621981024742
279,g__Marinoscillum,5170,0.09878048780487805,0.002182446187362075
280,g__Candidatus_Koribacter,1533,0.09878048780487805,0.0018018197733908892
281,g__Turneriella,9299,0.09878048780487805,0.00034454435808584094
282,g__Acholeplasma,72,0.0975609756097561,0.001455430407077074
283,g__Fonticella,3451,0.0975609756097561,0.0003037986462004483
284,g__Acidiphilium,91,0.0975609756097561,0.00022631815227214247
285,g__Chitinophaga,1916,0.0975609756097561,0.0002191098901676014
286,g__Intestinimonas,4397,0.0975609756097561,0.000126860206364654
287,g__Gallionella,3544,0.09634146341463415,0.0006670092116110027
288,g__Desulfuromonas,2714,0.09634146341463415,0.0005481095286086202
289,g__Megamonas,5242,0.0951219512195122,0.0012789188185706735
290,g__Butyrivibrio,1300,0.0951219512195122,0.0005164603353478014
291,g__Spirosoma,8426,0.0951219512195122,0.0003502639301586896
292,g__Pseudorhodoplanes,7445,0.0951219512195122,0.00021411923808045685
293,g__Selenomonas,8165,0.0951219512195122,0.00019862315093632787
294,g__Jatrophihabitans,4470,0.0951219512195122,0.00018680891662370414
295,g__Aeromicrobium,208,0.0951219512195122,0.00016881059855222702
296,g__Thiobacillus,9034,0.09390243902439024,0.001006790902465582
297,g__Atopostipes,850,0.09390243902439024,0.0010055085876956582
298,g__Alcanivorax,277,0.09390243902439024,0.0009468072676099837
299,g__Fibrobacter,3366,0.09268292682926829,0.002731063636019826
300,g__Sphaerochaeta,8364,0.09268292682926829,0.0015212035505101085
301,g__Ohtaekwangia,6085,0.09268292682926829,0.0004178133967798203
302,g__Cellulosilyticum,1765,0.09268292682926829,0.00016271333151962608
303,g__Crenothrix,2336,0.09146341463414634,0.00038620943087153137
304,g__Pelolinea,6602,0.09146341463414634,0.00037549363332800567
305,g__Roseimicrobium,7837,0.09146341463414634,0.00016316368419211358
306,g__Roseiarcus,7826,0.09024390243902439,0.0006713694892823696
307,g__Geothrix,3625,0.09024390243902439,0.0006657200865447521
308,g__Mycoplasma,5681,0.08902439024390243,0.0033382875844836235
309,g__Luminiphilus,5011,0.08902439024390243,0.0004618475795723498
310,g__Hyphomonas,4317,0.08902439024390243,0.00031673803459852934
311,g__Tyzzerella,9320,0.08902439024390243,0.0002590827934909612
312,g__Peptococcus,6634,0.08902439024390243,0.00019839784363284707
313,g__Leucobacter,4839,0.08902439024390243,0.00015185594384092838
314,g__Planctomicrobium,6933,0.08902439024390243,0.0001055293032550253
315,g__Rhodanobacter,7721,0.08780487804878048,0.0006949588423594832
316,g__Sulfurifustis,8668,0.08780487804878048,0.0006069398950785398
317,g__Rickettsiella,7787,0.08780487804878048,0.0005378721980378032
318,g__Planctopirus,6936,0.08780487804878048,0.00011849290604004636
319,g__Paucibacter,6553,0.08658536585365853,0.003550973255187273
320,g__Thauera,8926,0.08658536585365853,0.0005952018545940518
321,g__Aggregatibacter,238,0.08658536585365853,0.0003444007888901979
322,g__Candidatus_Tenderia,1638,0.08658536585365853,0.00027010083431378007
323,g__Haliscomenobacter,3876,0.08658536585365853,0.0002126003964804113
324,g__Desulfosporosinus,2697,0.08658536585365853,0.00011728871322702616
325,g__Luteimonas,5020,0.08658536585365853,9.566089283907786e-05
326,g__Anaerosporobacter,496,0.08658536585365853,9.131658589467406e-05
327,g__Methanosarcina,5379,0.08536585365853659,0.0036337957717478275
328,g__Photobacterium,6796,0.08536585365853659,0.002942299237474799
329,g__Propionivibrio,7219,0.08536585365853659,0.00020304619101807475
330,g__Peptoclostridium,6633,0.08414634146341464,0.00131766137201339
331,g__Sulfuricurvum,8665,0.08414634146341464,0.0005826834822073579
332,g__Parvimonas,6539,0.08414634146341464,0.0002796682820189744
333,g__Thioalkalispira,9031,0.08414634146341464,0.00022997567430138588
334,g__Candidatus_Actinomarina,1429,0.08292682926829269,0.013388015329837799
335,g__Ottowia,6242,0.08292682926829269,0.00036800862289965153
336,g__Aquisphaera,677,0.08292682926829269,0.0001647657190915197
337,g__Sulfurospirillum,8677,0.08292682926829269,0.0001465892419219017
338,g__Cerasicoccus,1797,0.08170731707317073,0.0010548400459811091
339,g__Kingella,4541,0.08170731707317073,0.0009920630836859345
340,g__Rubritalea,7875,0.08170731707317073,0.0006918229628354311
341,g__Brevibacillus,1247,0.08170731707317073,0.00028367515187710524
342,g__Intestinibacter,4396,0.08170731707317073,0.0002658850862644613
343,g__Jeotgalicoccus,4480,0.08170731707317073,0.00020882408716715872
344,g__Aridibacter,737,0.08170731707317073,0.00018597763846628368
345,g__Roseimarinus,7835,0.08170731707317073,0.00017600841238163412
346,g__Lacibacter,4652,0.08170731707317073,0.00016260046686511487
347,g__Moryella,5631,0.08170731707317073,0.0001409065444022417
348,g__Pseudoalteromonas,7332,0.08048780487804878,0.000829118478577584
349,g__Hypnocyclicus,4321,0.08048780487804878,0.0007843492203392088
350,g__Emticicia,3049,0.08048780487804878,0.0005391528829932213
351,g__Salinicoccus,7961,0.08048780487804878,0.00024608318926766515
352,g__Solitalea,8322,0.08048780487804878,0.00019990821601822972
353,g__Porticoccus,7122,0.08048780487804878,0.00017373656737618148
354,g__Actinoplanes,159,0.08048780487804878,0.00017012043099384755
355,g__Acetobacterium,60,0.08048780487804878,0.0001315406698267907
356,g__Fretibacterium,3477,0.07926829268292683,0.00023646677436772734
357,g__Sideroxydans,8223,0.07926829268292683,0.0001700819848338142
358,g__Sporosarcina,8473,0.07926829268292683,0.0001541805686429143
359,g__Verrucomicrobium,9441,0.07926829268292683,8.874318154994398e-05
360,g__Sorangium,8331,0.07926829268292683,8.581517613492906e-05
361,g__Candidatus_Protochlamydia,1607,0.07926829268292683,4.6175035095075145e-05
362,g__Anaerovibrio,501,0.07804878048780488,0.0008017747313715518
363,g__Fermentimonas,3346,0.07804878048780488,0.0003422661393415183
364,g__Psychroglaciecola,7494,0.07804878048780488,0.0002108968183165416
365,g__Brachymonas,1214,0.07804878048780488,0.00016374849656131119
366,g__Dysgonomonas,2961,0.07804878048780488,0.00011457784421509132
367,g__Luteitalea,5022,0.07804878048780488,7.620618998771533e-05
368,g__Undibacterium,9350,0.07682926829268293,0.00036714543239213526
369,g__Vitreoscilla,9476,0.07682926829268293,0.00017960177501663566
370,g__Anaerofustis,481,0.07682926829268293,8.009621524251997e-05
371,g__Mesorhizobium,5314,0.07682926829268293,6.731114990543574e-05
372,g__Barnesiella,1001,0.07560975609756097,0.0005028401501476765
373,g__Candidatus_Nitrotoga,1581,0.07560975609756097,0.0004980298108421266
374,g__Craurococcus,2331,0.07560975609756097,0.00038208579644560814
375,g__Solibacillus,8316,0.07560975609756097,8.965229062596336e-05
376,g__Paraprevotella,6461,0.07439024390243902,0.0005831871530972421
377,g__Cloacibacterium,2114,0.07439024390243902,0.00029316465952433646
378,g__Desulfocapsa,2664,0.07439024390243902,0.000259939901297912
379,g__Chthonomonas,2031,0.07439024390243902,0.00010484959784662351
380,g__Candidatus_Planktophila,1601,0.07317073170731707,0.0014147763140499592
381,g__Tetrasphaera,8886,0.07317073170731707,0.0010912517318502069
382,g__Desulfobacca,2658,0.07317073170731707,0.0009978250600397587
383,g__Oleiphilus,6099,0.07317073170731707,0.0006843619048595428
384,g__Algoriphagus,296,0.07317073170731707,0.0006482148310169578
385,g__Ignavibacterium,4357,0.07317073170731707,0.00041082719690166414
386,g__Geodermatophilus,3602,0.07317073170731707,0.00020999240223318338
387,g__Pelosinus,6606,0.07317073170731707,8.413280011154711e-05
388,g__Pseudoxanthomonas,7478,0.07317073170731707,7.825256761861965e-05
389,g__Ulvibacter,9334,0.07195121951219512,0.0007645271834917367
390,g__Pontibacter,7096,0.07195121951219512,0.000496692315209657
391,g__Methyloceanibacter,5399,0.07195121951219512,0.0004057758778799325
392,g__Aureispira,895,0.07195121951219512,0.00021065630426164716
393,g__Nitrospira,5944,0.07195121951219512,0.00012696419435087591
394,g__Parviterribacter,6541,0.07195121951219512,6.0195121477590874e-05
395,g__Nitrospina,5943,0.07073170731707316,0.0030424827709794044
396,g__Pseudarcicella,7322,0.07073170731707316,0.0012893290258944035
397,g__Synechococcus,8723,0.07073170731707316,0.0005432135658338666
398,g__Sediminispirochaeta,8145,0.07073170731707316,0.0005110100610181689
399,g__Marinobacter,5166,0.07073170731707316,0.00032218077103607357
400,g__Armatimonas,745,0.07073170731707316,0.00026509942836128175
401,g__Jeotgalibaca,4478,0.07073170731707316,0.00021017045946791768
402,g__Desulfomonile,2678,0.07073170731707316,0.00013830684474669397
403,g__Enhydrobacter,3069,0.07073170731707316,8.222730684792623e-05
404,g__Rickettsia,7786,0.07073170731707316,6.31371367489919e-05
405,g__Aetherobacter,221,0.07073170731707316,6.173732253955677e-05
406,g__Azospira,943,0.06951219512195123,0.00036501811700873077
407,g__Bilophila,1097,0.06951219512195123,0.00034709888859651983
408,g__Acidaminococcus,80,0.06951219512195123,0.00032109578023664653
409,g__Ignavigranum,4358,0.06951219512195123,0.0001408452371833846
410,g__Luedemannella,5004,0.06951219512195123,8.780870848568156e-05
411,g__Sporocytophaga,8465,0.06951219512195123,7.510167779400945e-05
412,g__Rhizobacter,7695,0.06951219512195123,7.026026287348941e-05
413,g__Nocardia,5950,0.06951219512195123,4.1623068682383746e-05
414,g__Gardnerella,3555,0.06829268292682927,0.0023729412350803614
415,g__Amphiplicatus,441,0.06829268292682927,0.0003389617195352912
416,g__Parasediminibacterium,6473,0.06829268292682927,0.00025071491836570203
417,g__Desulfatirhabdium,2652,0.06829268292682927,0.0002503272844478488
418,g__Ezakiella,3304,0.06829268292682927,0.00021979848679620773
419,g__Candidatus_Captivus,1465,0.06829268292682927,4.504739263211377e-05
420,g__Succinivibrio,8650,0.06707317073170732,0.0011900176759809256
421,g__Gallicola,3542,0.06707317073170732,0.0011272048577666283
422,g__Succiniclasticum,8647,0.06707317073170732,0.0009669167338870466
423,g__Carnobacterium,1704,0.06707317073170732,0.0006890715449117124
424,g__Denitratisoma,2603,0.06707317073170732,0.0004813456325791776
425,g__Herbinix,4102,0.06707317073170732,0.00036094061215408146
426,g__Proteocatella,7246,0.06707317073170732,0.0002371984301134944
427,g__Spirochaeta,8417,0.06707317073170732,0.0001522464444860816
428,g__Polyangium,7045,0.06707317073170732,0.0001476968900533393
429,g__Candidatus_Cloacimonas,1472,0.06585365853658537,0.002644181717187166
430,g__Magnetospira,5087,0.06585365853658537,0.0003201725776307285
431,g__Candidatus_Latescibacter,1538,0.06585365853658537,0.00021652341820299625
432,g__Proteiniclasticum,7243,0.06585365853658537,0.0001893951412057504
433,g__Zavarzinella,9616,0.06585365853658537,0.00017251542885787785
434,g__Propioniciclava,7212,0.06585365853658537,0.00013057711475994438
435,g__Faecalitalea,3316,0.06585365853658537,0.00011713155981851742
436,g__Hydrogenoanaerobacterium,4274,0.06585365853658537,7.022345380391926e-05
437,g__Candidatus_Microthrix,1562,0.06463414634146342,0.0021685827523469925
438,g__Amylibacter,463,0.06463414634146342,0.0019473684951663017
439,g__Methylobacter,5394,0.06463414634146342,0.0011764646042138338
440,g__Desulfomicrobium,2677,0.06463414634146342,0.0003656553162727505
441,g__Helcococcus,4035,0.06463414634146342,0.00027535384288057685
442,g__Azospirillum,944,0.06463414634146342,0.00015783119306433946
443,g__Rhizorhapis,7716,0.06463414634146342,0.00015780555258970708
444,g__Niastella,5910,0.06463414634146342,0.0001501776569057256
445,g__Sarcina,8011,0.06463414634146342,5.60542284802068e-05
446,g__Silvanigrella,8236,0.06463414634146342,4.89036065118853e-05
447,g__Colwellia,2204,0.06341463414634146,0.0009119444293901324
448,g__Tepidimicrobium,8831,0.06341463414634146,0.0005864942213520408
449,g__Alteromonas,378,0.06341463414634146,0.00026091912877745926
450,g__Tessaracoccus,8864,0.06341463414634146,0.00023544156283605844
451,g__Parafilimonas,6386,0.06341463414634146,0.00021191399719100446
452,g__Cnuella,2129,0.06341463414634146,0.00012431696814019233
453,g__Williamsia,9522,0.06341463414634146,0.00012425909517332911
454,g__Candidatus_Amoebophilus,1437,0.06341463414634146,0.0001167129521491006
455,g__Sporichthya,8459,0.06341463414634146,7.577070209663361e-05
456,g__Caedibacter,1320,0.06341463414634146,4.850362165598199e-05
457,g__Noviherbaspirillum,5988,0.06341463414634146,4.428705869941041e-05
458,g__Methanoculleus,5363,0.06219512195121951,0.0006702106329612434
459,g__Anaeroplasma,489,0.06219512195121951,0.0005071972846053541
460,g__Polaromonas,7042,0.06219512195121951,0.00016243192658293992
461,g__Catonella,1742,0.06219512195121951,0.00015603085921611637
462,g__Eggerthella,3003,0.06219512195121951,0.00013772238162346184
463,g__Blastococcus,1124,0.06219512195121951,7.512030424550176e-05
464,g__Persicirhabdus,6662,0.06097560975609756,0.0012451359070837498
465,g__Methanospirillum,5382,0.06097560975609756,0.0009767765877768397
466,g__Draconibacterium,2931,0.06097560975609756,0.0008900008397176862
467,g__Rhizobium,7696,0.06097560975609756,9.562621562508866e-05
468,g__Thermus,9021,0.05975609756097561,0.0017467229627072811
469,g__Thermovirga,9020,0.05975609756097561,0.0016760523431003094
470,g__Acidaminobacter,79,0.05975609756097561,0.0005416091880761087
471,g__Ferritrophicum,3354,0.05975609756097561,0.0004727235937025398
472,g__Azoarcus,937,0.05975609756097561,0.00019230833277106285
473,g__Stella,8521,0.05975609756097561,0.00014243235636968166
474,g__Ramlibacter,7618,0.05975609756097561,0.0001249805500265211
475,g__Ercella,3142,0.05975609756097561,0.00011777249892475083
476,g__Cellulomonas,1762,0.05975609756097561,7.352726242970675e-05
477,g__Candidatus_Jidaibacter,1528,0.05975609756097561,2.570667493273504e-05
478,g__Thiohalophilus,9050,0.05853658536585366,0.0011122022988274693
479,g__Methanoregula,5376,0.05853658536585366,0.001043629483319819
480,g__Aquibacter,664,0.05853658536585366,0.00046407809713855386
481,g__Caproiciproducens,1677,0.05853658536585366,0.00032582326093688607
482,g__Kouleothrix,4591,0.05853658536585366,0.0002686633088160306
483,g__Candidatus_Endoecteinascidia,1492,0.05853658536585366,0.00017149797349702567
484,g__Candidatus_Finniella,1499,0.05853658536585366,0.00016969165881164372
485,g__Polymorphobacter,7069,0.05853658536585366,0.00011946798622375354
486,g__Sphingopyxis,8395,0.05853658536585366,0.00010957762424368411
487,g__Paeniclostridium,6292,0.05853658536585366,9.397764370078221e-05
488,g__Brevifollis,1250,0.05853658536585366,7.019817712716758e-05
489,g__Trichococcus,9193,0.05853658536585366,6.905239570187405e-05
490,g__Macrococcus,5061,0.05731707317073171,0.0005241881590336561
491,g__Amycolatopsis,461,0.05731707317073171,0.00031501901685260236
492,g__Mailhella,5092,0.05731707317073171,0.00022590329172089696
493,g__Agromyces,251,0.05731707317073171,9.506344940746203e-05
494,g__Xanthomonas,9554,0.05731707317073171,6.83436228428036e-05
495,g__Formosa,3457,0.05609756097560976,0.0021077280398458242
496,g__Candidatus_Methylopumilus,1559,0.05609756097560976,0.0005322587094269693
497,g__Psychromonas,7495,0.05609756097560976,0.0005280172917991877
498,g__Lysinibacillus,5045,0.05609756097560976,0.0002656730357557535
499,g__Tolumonas,9126,0.05609756097560976,0.00025849745725281537
500,g__Lentimonas,4768,0.05609756097560976,0.00023626646725460887
501,g__Pelotomaculum,6608,0.05609756097560976,0.0002180384035455063
502,g__Runella,7898,0.05609756097560976,0.00016901912749744952
503,g__Fournierella,3459,0.05609756097560976,0.00010168224980589002
504,g__Oxobacter,6253,0.05609756097560976,6.718456279486418e-05
505,g__Parasegetibacter,6474,0.05609756097560976,4.038114275317639e-05
506,g__Granulicella,3765,0.054878048780487805,0.00031137425685301423
507,g__Pelagicoccus,6584,0.054878048780487805,0.00023018152569420636
508,g__Butyricimonas,1299,0.054878048780487805,0.00021818259847350419
509,g__Sterolibacterium,8559,0.054878048780487805,7.052661385387182e-05
510,g__Cryptanaerobacter,2376,0.05365853658536585,0.0005944077856838703
511,g__Thiogranum,9046,0.05365853658536585,0.0005313709261827171
512,g__Leptospira,4823,0.05365853658536585,0.0004930956056341529
513,g__Idiomarina,4353,0.05365853658536585,0.00028840696904808283
514,g__Portibacter,7121,0.05365853658536585,0.00024355773348361254
515,g__Desulforhopalus,2691,0.05365853658536585,0.00018239433120470494
516,g__Methylomonas,5413,0.05365853658536585,0.00014238823496270925
517,g__Crossiella,2360,0.05365853658536585,0.00010633333295118064
518,g__Uliginosibacterium,9325,0.05365853658536585,9.604594379197806e-05
519,g__Rhodocytophaga,7733,0.05365853658536585,7.443208596669137e-05
520,g__Leptothrix,4826,0.05365853658536585,7.075463508954272e-05
521,g__Actinomadura,153,0.05365853658536585,5.590959335677326e-05
522,g__Burkholderia,1294,0.0524390243902439,0.0014186057960614562
523,g__Methanosphaera,5380,0.0524390243902439,0.0008953784126788378
524,g__Desulfococcus,2667,0.0524390243902439,0.0006049867370165884
525,g__Chitinivorax,1914,0.0524390243902439,0.0005347852711565793
526,g__Epulopiscium,3138,0.0524390243902439,0.00040700656245462596
527,g__Macellibacteroides,5054,0.0524390243902439,0.00039750454016029835
528,g__Modestobacter,5558,0.0524390243902439,0.00033777582575567067
529,g__Lacihabitans,4654,0.0524390243902439,0.00033575366251170635
530,g__Lentimicrobium,4767,0.0524390243902439,0.00028624170226976275
531,g__Anaerotruncus,500,0.0524390243902439,0.00023293613048736006
532,g__Flexilinea,3417,0.0524390243902439,0.00020721816690638661
533,g__Oscillospira,6226,0.0524390243902439,0.0001921450748341158
534,g__Petrimonas,6674,0.0524390243902439,0.00015076245472300798
535,g__Eubacterium,3192,0.0524390243902439,0.00014911477046553046
536,g__Flavihumibacter,3407,0.0524390243902439,0.00010524738172534853
537,g__Quadrisphaera,7593,0.0524390243902439,8.86842972249724e-05
538,g__Dechlorobacter,2564,0.0524390243902439,7.110421574907377e-05
539,g__Tannerella,8773,0.0524390243902439,6.96534407325089e-05
540,g__Pediococcus,6574,0.0524390243902439,6.67655112920329e-05
541,g__Duganella,2946,0.0524390243902439,4.075581091456115e-05
542,g__Planktomarina,6939,0.05121951219512195,0.001412097830325365
543,g__Ascidiaceihabitans,778,0.05121951219512195,0.0012878563720732927
544,g__Tepidanaerobacter,8826,0.05121951219512195,0.0006949283997528255
545,g__Enterobacter,3086,0.05121951219512195,0.0005508608883246779
546,g__Litoricola,4936,0.05121951219512195,0.00045760723878629506
547,g__Nevskia,5903,0.05121951219512195,0.00012606136442627758
548,g__Polycyclovorans,7059,0.05121951219512195,9.661725198384374e-05
549,g__Guggenheimella,3787,0.05121951219512195,6.614536687266082e-05
550,g__Minicystis,5529,0.05121951219512195,6.056179336155765e-05
551,g__Arenicella,724,0.05,0.0018026231555268168
552,g__Halocella,3894,0.05,0.0006652819574810565
553,g__Alkaliphilus,330,0.05,0.0005018697120249271
554,g__Sedimenticola,8136,0.05,0.0004544903931673616
555,g__Inquilinus,4392,0.05,0.0001104392358683981
556,g__Levilinea,4852,0.05,5.228305599302985e-05
557,g__Oceanobacter,6039,0.04878048780487805,0.0013848308008164167
558,g__Maritimimonas,5183,0.04878048780487805,0.000510381767526269
559,g__Methyloglobulus,5405,0.04878048780487805,0.0003298851370345801
560,g__Faecalibaculum,3314,0.04878048780487805,0.000248839205596596
561,g__Rubripirellula,7874,0.04878048780487805,0.0001626479352125898
562,g__Herpetosiphon,4106,0.04878048780487805,0.00015331317263189703
563,g__Dermabacter,2615,0.04878048780487805,0.00012311570753809065
564,g__Aquaspirillum,661,0.04878048780487805,0.00012178486213088036
565,g__Eikenella,3009,0.04878048780487805,0.0001002415592665784
566,g__Holophaga,4192,0.04878048780487805,7.420260226354003e-05
567,g__Salinirepens,7967,0.04878048780487805,7.187500887084752e-05
568,g__Lacticigenium,4660,0.04878048780487805,3.0522587621817365e-05
569,g__Azotobacter,945,0.04878048780487805,2.0388606571941637e-05
570,g__Sporobacter,8462,0.04878048780487805,2.021470390900504e-05
571,g__Malassezia,5097,0.0475609756097561,0.0032009060960263014
572,g__Candidatus_Aquiluna,1444,0.0475609756097561,0.001217384124174714
573,g__Marinobacterium,5167,0.0475609756097561,0.0011528165778145194
574,g__Mitsuokella,5545,0.0475609756097561,0.0002441515389364213
575,g__Rhizomicrobium,7705,0.0475609756097561,0.00020650650549214333
576,g__Ruminobacter,7893,0.0475609756097561,0.00018791589536704123
577,g__Niabella,5907,0.0475609756097561,0.00010607996955513954
578,g__Lentisphaera,4770,0.0475609756097561,0.00010595105413813144
579,g__Fibrella,3364,0.0475609756097561,0.00010544484393903986
580,g__Aureimonas,893,0.0475609756097561,7.735587132629007e-05
581,g__Pygmaiobacter,7557,0.0475609756097561,5.408731158240698e-05
582,g__Vicinamibacter,9458,0.0475609756097561,5.019737727707252e-05
583,g__Amoebophrya,419,0.046341463414634146,0.00415843678638339
584,g__Rhogostoma,7760,0.046341463414634146,0.0005909611936658621
585,g__Dethiobacter,2716,0.046341463414634146,0.00035265181213617325
586,g__Desulfosarcina,2693,0.046341463414634146,0.00021656352328136563
587,g__Methanomassiliicoccus,5371,0.046341463414634146,0.00017742083582561463
588,g__Marinicella,5150,0.046341463414634146,0.0001657958491705358
589,g__Desulfitibacter,2654,0.046341463414634146,0.0001190671682707034
590,g__Desulfobacterium,2660,0.046341463414634146,0.00010039148764917627
591,g__Parvibaculum,6534,0.046341463414634146,8.597696432843804e-05
592,g__Kytococcus,4625,0.046341463414634146,7.29519160813652e-05
593,g__Streptosporangium,8596,0.046341463414634146,2.6520965548115782e-05
594,g__Sulfitobacter,8659,0.045121951219512194,0.0018512433161959052
595,g__Granulosicoccus,3767,0.045121951219512194,0.0009605793165974319
596,g__Sporomusa,8470,0.045121951219512194,0.0004282822774257511
597,g__Rhodovarius,7755,0.045121951219512194,0.000230078338063322
598,g__Loktanella,4961,0.045121951219512194,0.0002012874319916591
599,g__Desulfopila,2686,0.045121951219512194,0.00019648195302579552
600,g__Marinifilum,5152,0.045121951219512194,0.00018969675875268877
601,g__Sphaerotilus,8384,0.045121951219512194,0.00013622197730001062
602,g__Candidatus_Symbiobacter,1632,0.045121951219512194,0.00013185695570427924
603,g__Methylophaga,5416,0.045121951219512194,0.0001262403529835865
604,g__Erythrobacter,3168,0.045121951219512194,0.00011676342546707019
605,g__Sandaracinobacter,7995,0.045121951219512194,6.305040733423084e-05
606,g__Syntrophococcus,8735,0.045121951219512194,5.28455748280976e-05
607,g__Victivallis,9459,0.045121951219512194,4.9759590183384717e-05
608,g__Dactylosporangium,2540,0.045121951219512194,3.916260538971983e-05
609,g__Aliicoccus,302,0.045121951219512194,3.0760347726754844e-05
610,g__Shimazuella,8210,0.045121951219512194,2.613454853417352e-05
611,g__Marinomonas,5169,0.04390243902439024,0.00039141520392149687
612,g__Candidatus_Planktoluna,1600,0.04390243902439024,0.0002824958064593375
613,g__Ruminococcus,7894,0.04390243902439024,0.0002721335331443697
614,g__Deferrisoma,2570,0.04390243902439024,0.0002109621709678322
615,g__Sneathiella,8303,0.04390243902439024,0.00010698581900214776
616,g__Pseudoflavitalea,7379,0.04390243902439024,0.00010162635589949787
617,g__Thermincola,8954,0.04390243902439024,8.999282727017999e-05
618,g__Occallatibacter,6019,0.04390243902439024,8.519695256836712e-05
619,g__Acidipila,92,0.04390243902439024,5.908703678869642e-05
620,g__Micromonospora,5481,0.04390243902439024,3.491476672934368e-05
621,g__Sulfuriferula,8666,0.042682926829268296,0.0011637310963124037
622,g__Methanolinea,5369,0.042682926829268296,0.0009080250165425241
623,g__Gelria,3579,0.042682926829268296,0.00046671635936945677
624,g__Candidatus_Puniceispirillum,1609,0.042682926829268296,0.0003138840838801116
625,g__Curvibacter,2421,0.042682926829268296,0.0002145487378584221
626,g__Anaerosinus,492,0.042682926829268296,0.0002135791291948408
627,g__Lutibacter,5026,0.042682926829268296,0.00016711477655917406
628,g__Thiopseudomonas,9063,0.042682926829268296,8.678057201905176e-05
629,g__Thermoactinomyces,8956,0.042682926829268296,6.833211955381557e-05
630,g__Acanthopleuribacter,33,0.042682926829268296,5.63867470191326e-05
631,g__Varibaculum,9416,0.042682926829268296,4.9107246013591066e-05
632,g__Thermoanaerobaculum,8960,0.041463414634146344,0.0005816196789965034
633,g__Balneola,984,0.041463414634146344,0.0005714284488931298
634,g__Actibacter,136,0.041463414634146344,0.0003244834078941494
635,g__Haloferula,3908,0.041463414634146344,0.00024294307513628155
636,g__Chitinimonas,1911,0.041463414634146344,0.00021269013814162463
637,g__Oceanobacillus,6038,0.041463414634146344,9.69821703620255e-05
638,g__Elusimicrobium,3040,0.041463414634146344,9.549238166073337e-05
639,g__Anaerocella,477,0.041463414634146344,8.669411909068003e-05
640,g__Defluviimonas,2572,0.041463414634146344,7.518890924984589e-05
641,g__Skermanella,8283,0.041463414634146344,5.305476952344179e-05
642,g__Cohnella,2171,0.041463414634146344,4.734097092295997e-05
643,g__Dielma,2788,0.041463414634146344,4.514943793765269e-05
644,g__Vogesella,9477,0.041463414634146344,2.8373562599881552e-05
645,g__Methanocorpusculum,5362,0.04024390243902439,0.0012322845868766308
646,g__Karlodinium,4513,0.04024390243902439,0.0003224042884539813
647,g__Gracilibacter,3753,0.04024390243902439,0.00029079150408506393
648,g__Garciella,3554,0.04024390243902439,0.0001049672209774144
649,g__Bythopirellula,1309,0.04024390243902439,7.410169928334653e-05
650,g__Immundisolibacter,4375,0.04024390243902439,6.845069583505392e-05
651,g__Methylobacillus,5393,0.04024390243902439,4.234877633280121e-05
652,g__Alicycliphilus,300,0.04024390243902439,3.964917777921073e-05
653,g__Slackia,8288,0.04024390243902439,3.6127210478298366e-05
654,g__Hydrocarboniphaga,4267,0.04024390243902439,3.144683068967424e-05
655,g__Georgenia,3617,0.04024390243902439,3.092646875302307e-05
656,g__Kineosporia,4539,0.04024390243902439,3.0046696338104084e-05
657,g__Johnsonella,4487,0.04024390243902439,2.694582872209139e-05
658,g__Xanthobacter,9551,0.04024390243902439,2.021562249865383e-05
659,g__Gyrodinium,3818,0.03902439024390244,0.0010219714604318142
660,g__Coprothermobacter,2257,0.03902439024390244,0.0008529190090484917
661,g__Acetoanaerobium,58,0.03902439024390244,0.00033503802842460573
662,g__Kordiimonas,4583,0.03902439024390244,0.00017264542111661285
663,g__Syntrophaceticus,8732,0.03902439024390244,0.00015896996774245054
664,g__Paraphysomonas,6456,0.03902439024390244,0.0001274693786399439
665,g__Acidisoma,95,0.03902439024390244,8.785902900854126e-05
666,g__Flavonifractor,3414,0.03902439024390244,8.547582547180355e-05
667,g__Arcticibacter,713,0.03902439024390244,6.546830991283059e-05
668,g__Methylocaldum,5397,0.03902439024390244,4.509410427999683e-05
669,g__Murdochiella,5652,0.03902439024390244,3.888134961016476e-05
670,g__Vulgatibacter,9495,0.03902439024390244,3.6485220334725454e-05
671,g__Afipia,224,0.03902439024390244,3.4033553674817085e-05
672,g__Trueperella,9271,0.03902439024390244,3.299485251773149e-05
673,g__Longispora,4973,0.03902439024390244,1.299125960940728e-05
674,g__Acetomicrobium,63,0.03780487804878049,0.0005596363916993141
675,g__Deefgea,2568,0.03780487804878049,0.0003909630759153515
676,g__Winogradskyella,9527,0.03780487804878049,0.0002652145631145686
677,g__Empedobacter,3047,0.03780487804878049,0.0002445966238155961
678,g__Thalassospira,8920,0.03780487804878049,0.00018211053975392133
679,g__Actinomycetospora,157,0.03780487804878049,0.00010615882638376206
680,g__Geothermobacter,3622,0.03780487804878049,8.727930253371596e-05
681,g__Fulvivirga,3500,0.03780487804878049,8.281520422315225e-05
682,g__Sphingoaurantiacus,8390,0.03780487804878049,6.511556421173736e-05
683,g__Tabrizicola,8748,0.03780487804878049,6.432479858631268e-05
684,g__Rubritepida,7876,0.03780487804878049,6.409166235243902e-05
685,g__Propionigenium,7215,0.03780487804878049,5.859083103132434e-05
686,g__Desulfurivibrio,2711,0.03780487804878049,5.4740943596698344e-05
687,g__Chaetoceros,1839,0.036585365853658534,0.001053084502927959
688,g__Strombidium,8603,0.036585365853658534,0.0007433721330016851
689,g__Ruminofilibacter,7895,0.036585365853658534,0.00042353232856839895
690,g__Tenacibaculum,8816,0.036585365853658534,0.0002533111546654254
691,g__Cryptocaryon,2382,0.036585365853658534,0.0002497329842299223
692,g__Cohaesibacter,2170,0.036585365853658534,0.00017011654563248158
693,g__Candidatus_Rhabdochlamydia,1613,0.036585365853658534,0.00015417224494740367
694,g__Maribacter,5135,0.036585365853658534,0.00012470658111851662
695,g__Cardiobacterium,1691,0.036585365853658534,8.328076364705339e-05
696,g__Lactivibrio,4661,0.036585365853658534,6.395939999492839e-05
697,g__Ornatilinea,6199,0.036585365853658534,4.822407936444506e-05
698,g__Thalassotalea,8921,0.036585365853658534,4.739681025967002e-05
699,g__Stomatobaculum,8578,0.036585365853658534,3.8600544939981773e-05
700,g__Salinispira,7970,0.036585365853658534,3.3786276617320254e-05
701,g__Alterococcus,377,0.036585365853658534,2.87343209492974e-05
702,g__Telonema,8809,0.03536585365853658,0.0010980508523061872
703,g__Sorodiplophrys,8336,0.03536585365853658,0.00027153175324201584
704,g__Holdemania,4186,0.03536585365853658,0.00012371876800898463
705,g__Geobacillus,3599,0.03536585365853658,6.799431139370427e-05
706,g__Marinospirillum,5171,0.03536585365853658,5.979074921924621e-05
707,g__Anderseniella,526,0.03536585365853658,5.919385148445144e-05
708,g__Flavitalea,3411,0.03536585365853658,3.778229438466951e-05
709,g__Rubrivirga,7877,0.03536585365853658,2.9906759664299898e-05
710,g__Flaviaesturariibacter,3404,0.03536585365853658,2.889928327931557e-05
711,g__Aerosphaera,212,0.03536585365853658,2.8569653295562603e-05
712,g__Anaerofilum,480,0.03536585365853658,1.7501350157544948e-05
713,g__Tepidisphaera,8834,0.03536585365853658,1.5559326129732653e-05
714,g__Telmatocola,8807,0.03536585365853658,1.4056754480407108e-05
715,g__Polaribacter,7041,0.03414634146341464,0.0007090576691552997
716,g__Acetobacter,59,0.03414634146341464,0.00026359697221778333
717,g__Pseudofulvimonas,7382,0.03414634146341464,0.00018375467334408313
718,g__Parahaliea,6397,0.03414634146341464,0.00017257040599361062
719,g__Serratia,8197,0.03414634146341464,0.00016814768605399877
720,g__Saccharopolyspora,7921,0.03414634146341464,0.0001220952981384471
721,g__Cavicella,1753,0.03414634146341464,8.882153633749112e-05
722,g__Actinocorallia,148,0.03414634146341464,7.260786514962092e-05
723,g__Methyloparacoccus,5415,0.03414634146341464,6.085905624786392e-05
724,g__Lachnoanaerobaculum,4645,0.03414634146341464,5.256354052107781e-05
725,g__Ochrobactrum,6049,0.03414634146341464,5.236062133917585e-05
726,g__Gottschalkia,3747,0.03414634146341464,2.1863252186449245e-05
727,g__Kurthia,4615,0.03414634146341464,1.4878541151119862e-05
728,g__Anaerobacterium,472,0.03414634146341464,1.1693809028656688e-05
729,g__Candidatus_Methanoplasma,1557,0.032926829268292684,0.0006139573524706066
730,g__Candidatus_Nitrosoarchaeum,1574,0.032926829268292684,0.0004300281871110201
731,g__Candidatus_Thiobios,1641,0.032926829268292684,0.0003760104882530868
732,g__Caldisericum,1354,0.032926829268292684,0.00031697822851128876
733,g__Robiginitalea,7805,0.032926829268292684,0.00024939130526036024
734,g__Moheibacter,5569,0.032926829268292684,0.00014451290189754218
735,g__Pelagibius,6583,0.032926829268292684,0.00013924180530011654
736,g__Microlunatus,5477,0.032926829268292684,3.953560008085333e-05
737,g__Geminicoccus,3582,0.032926829268292684,3.210912473150529e-05
738,g__Litorilinea,4937,0.032926829268292684,2.9765864383080043e-05
739,g__Owenweeksia,6248,0.032926829268292684,2.7137597498949617e-05
740,g__Candidatus_Trichorickettsia,1647,0.032926829268292684,2.380087062192615e-05
741,g__Cryptosporangium,2395,0.032926829268292684,2.0222503735567443e-05
742,g__Pseudarthrobacter,7323,0.032926829268292684,1.8417580577079207e-05
743,g__Formivibrio,3456,0.032926829268292684,1.4637212188972626e-05
744,g__Oleispira,6100,0.03170731707317073,0.0009421457652933896
745,g__Petalomonas,6667,0.03170731707317073,0.0005972114740870893
746,g__Aplanochytrium,629,0.03170731707317073,0.0005686016520485282
747,g__Oligella,6103,0.03170731707317073,0.00045616881106980145
748,g__Aquimonas,672,0.03170731707317073,0.0001949720608536154
749,g__Conchiformibius,2218,0.03170731707317073,0.00015825025911908597
750,g__Pseudanabaena,7318,0.03170731707317073,0.00013243441935628653
751,g__Francisella,3467,0.03170731707317073,0.00011231579992454499
752,g__Pantoea,6338,0.03170731707317073,7.4848547228612e-05
753,g__Schleiferia,8078,0.03170731707317073,5.69631447433494e-05
754,g__Tahibacter,8760,0.03170731707317073,5.119957495480776e-05
755,g__Phycisphaera,6804,0.03170731707317073,4.8194277042057365e-05
756,g__Larkinella,4708,0.03170731707317073,3.824168015853502e-05
757,g__Rivicola,7800,0.03170731707317073,2.336712714168243e-05
758,g__Aminobacterium,407,0.03048780487804878,0.0026476560160517693
759,g__Defluviitoga,2574,0.03048780487804878,0.0013990079751238227
760,g__Aspidisca,803,0.03048780487804878,0.0006245647091418505
761,g__Duboscquella,2943,0.03048780487804878,0.0004974228795617819
762,g__Lamprocystis,4688,0.03048780487804878,0.0004266115720383823
763,g__Picomonas,6850,0.03048780487804878,0.00037978184991516173
764,g__Cocleimonas,2150,0.03048780487804878,0.0002841789391823113
765,g__Thermomarinilinea,8991,0.03048780487804878,0.00022949519916437566
766,g__Thermoflexus,8982,0.03048780487804878,0.00020599218260031193
767,g__Coraliomargarita,2263,0.03048780487804878,0.00018092396203428507
768,g__Ureibacillus,9363,0.03048780487804878,0.00016520397912245244
769,g__Reichenbachiella,7642,0.03048780487804878,0.00016171725292224437
770,g__Persicitalea,6663,0.03048780487804878,0.00012125498324166983
771,g__Acetivibrio,57,0.03048780487804878,8.634759433334693e-05
772,g__Eremococcus,3143,0.03048780487804878,7.925848331069574e-05
773,g__Moritella,5625,0.03048780487804878,5.018560113967396e-05
774,g__Permianibacter,6656,0.03048780487804878,4.0866376366466284e-05
775,g__Puniceicoccus,7547,0.03048780487804878,3.8774131098762155e-05
776,g__Rhodoblastus,7727,0.03048780487804878,2.913884600275196e-05
777,g__Alloiococcus,352,0.03048780487804878,2.410673550912179e-05
778,g__Caenimonas,1321,0.03048780487804878,1.9475661247270182e-05
779,g__Sphingorhabdus,8396,0.03048780487804878,1.877592694654595e-05
780,g__Ferribacterium,3349,0.03048780487804878,1.6905156371649355e-05
781,g__Dehalobacterium,2578,0.03048780487804878,1.5755700587760657e-05
782,g__Halobacteriovorax,3887,0.03048780487804878,1.5498342690989375e-05
783,g__Marinilactibacillus,5155,0.03048780487804878,9.57132397161331e-06
784,g__Salinisphaera,7969,0.02926829268292683,0.0011272237170487642
785,g__Acanthamoeba,13,0.02926829268292683,0.0009353464120067656
786,g__Anabaena,467,0.02926829268292683,0.0009229660499840975
787,g__Glaciecola,3650,0.02926829268292683,0.00026046118000522256
788,g__Ignatzschineria,4356,0.02926829268292683,0.0002455006178934127
789,g__Aliikangiella,308,0.02926829268292683,0.00023681079619564116
790,g__Klebsiella,4553,0.02926829268292683,0.00017944694263860583
791,g__Ammoniphilus,412,0.02926829268292683,0.00016445766959805042
792,g__Leptolyngbya,4810,0.02926829268292683,9.415388922207057e-05
793,g__Turicella,9296,0.02926829268292683,7.921103679109365e-05
794,g__Mobiluncus,5556,0.02926829268292683,7.629808533238247e-05
795,g__Actinophytocola,158,0.02926829268292683,7.021247438387945e-05
796,g__Sebaldella,8131,0.02926829268292683,6.639979255851358e-05
797,g__Pelobacter,6598,0.02926829268292683,6.006898547639139e-05
798,g__Aestuariimicrobium,216,0.02926829268292683,5.6249202316394076e-05
799,g__Alicyclobacillus,301,0.02926829268292683,4.341132444096729e-05
800,g__Simplicispira,8248,0.02926829268292683,3.298302908660844e-05
801,g__Catenisphaera,1732,0.02926829268292683,2.6557529054116458e-05
802,g__Nesterenkonia,5899,0.02926829268292683,2.5841869501164183e-05
803,g__Rhodopseudomonas,7745,0.02926829268292683,2.541499816288706e-05
804,g__Howardella,4223,0.02926829268292683,1.9179000446456484e-05
805,g__Ammopiptanthus,413,0.02926829268292683,1.5581994375679642e-05
806,g__Allisonella,339,0.02926829268292683,1.551193963678088e-05
807,g__Micromonas,5480,0.02804878048780488,0.0019972713198512793
808,g__Leucocryptos,4841,0.02804878048780488,0.0006988485693000257
809,g__Silanimonas,8230,0.02804878048780488,0.0005813068710267544
810,g__Chrysochromulina,2010,0.02804878048780488,0.0004722787416540086
811,g__Spirotontonia,8431,0.02804878048780488,0.00042198572191409767
812,g__Euplotes,3245,0.02804878048780488,0.00032906405976973474
813,g__Asteroleplasma,819,0.02804878048780488,0.00018220131460111588
814,g__Beggiatoa,1047,0.02804878048780488,0.0001574176421854645
815,g__Candidatus_Entotheonella,1497,0.02804878048780488,0.0001192565105156973
816,g__Protoperidinium,7274,0.02804878048780488,0.00011925050057470798
817,g__Bolidomonas,1148,0.02804878048780488,0.00010270138591295108
818,g__Streptobacillus,8591,0.02804878048780488,9.705704724183306e-05
819,g__Cryomorpha,2373,0.02804878048780488,7.221144187496975e-05
820,g__Roseovarius,7851,0.02804878048780488,6.958773883525282e-05
821,g__Pseudahrensia,7316,0.02804878048780488,6.48233835818246e-05
822,g__Delftia,2586,0.02804878048780488,5.648667138302699e-05
823,g__Patulibacter,6552,0.02804878048780488,3.867101622745395e-05
824,g__Anaerocolumna,479,0.02804878048780488,3.669609941425733e-05
825,g__Sulfurisoma,8672,0.02804878048780488,3.420524808461778e-05
826,g__Dehalogenimonas,2581,0.02804878048780488,3.3577627618797123e-05
827,g__Robiginitomaculum,7806,0.02804878048780488,3.255730553064495e-05
828,g__Acetobacteroides,61,0.02804878048780488,2.824063994921744e-05
829,g__Diaphorobacter,2740,0.02804878048780488,2.2863019694341347e-05
830,g__Heliimonas,4056,0.02804878048780488,2.282324931002222e-05
831,g__Pseudorhodobacter,7443,0.02804878048780488,2.1157320588827133e-05
832,g__Terriglobus,8857,0.02804878048780488,1.613749554962851e-05
833,g__Nitratireductor,5928,0.02804878048780488,1.205107673740713e-05
834,g__Vannella,9412,0.026829268292682926,0.0010318357963114977
835,g__Helicobacter,4042,0.026829268292682926,0.0009303893893957138
836,g__Pyramidobacter,7562,0.026829268292682926,0.0008975550881586969
837,g__Quinella,7598,0.026829268292682926,0.0005935606895945966
838,g__Cupriavidus,2419,0.026829268292682926,0.00022545151296071708
839,g__Caldithrix,1358,0.026829268292682926,0.0002123309823218733
840,g__Mesotoga,5320,0.026829268292682926,0.0001425698574166745
841,g__Calorithrix,1395,0.026829268292682926,0.00011255397839704528
842,g__Myroides,5705,0.026829268292682926,8.523497672285885e-05
843,g__Acidicaldus,85,0.026829268292682926,7.53888743929565e-05
844,g__Candidatus_Anammoximicrobium,1440,0.026829268292682926,5.6639859394636005e-05
845,g__Candidatus_Contendobacter,1474,0.026829268292682926,5.094765219837427e-05
846,g__Anoxybacillus,567,0.026829268292682926,4.16467955801636e-05
847,g__Meiothermus,5251,0.026829268292682926,4.1309482185170054e-05
848,g__Dasania,2552,0.026829268292682926,2.5406941858818755e-05
849,g__Longimicrobium,4970,0.026829268292682926,2.2778935090173036e-05
850,g__Panacagrimonas,6320,0.026829268292682926,2.08559213206172e-05
851,g__Cereibacter,1823,0.026829268292682926,1.9664637875393964e-05
852,g__Actinoallomurus,142,0.026829268292682926,1.6670795957907103e-05
853,g__Aquihabitans,668,0.026829268292682926,1.2555177818285301e-05
854,g__Gordonibacter,3741,0.026829268292682926,8.818173228064552e-06
855,g__Aliivibrio,310,0.025609756097560974,0.0008436522330157459
856,g__Ferrovum,3358,0.025609756097560974,0.0007242683204822242
857,g__Nitrosopumilus,5939,0.025609756097560974,0.0004620509862434119
858,g__Lentibacter,4765,0.025609756097560974,0.00041076508932746947
859,g__Pelomonas,6603,0.025609756097560974,0.000384067912818864
860,g__Endozoicomonas,3067,0.025609756097560974,0.00036837789230048656
861,g__Amphidinium,433,0.025609756097560974,0.00016253242210950702
862,g__Micrococcus,5460,0.025609756097560974,0.00015402419376187027
863,g__Halochromatium,3896,0.025609756097560974,0.00012558036542031914
864,g__Tepidiphilus,8833,0.025609756097560974,9.312781185144559e-05
865,g__Micropruina,5493,0.025609756097560974,7.369255035882816e-05
866,g__Soehngenia,8309,0.025609756097560974,7.306654151761904e-05
867,g__Planifilum,6937,0.025609756097560974,5.901398617425002e-05
868,g__Bicosoeca,1085,0.025609756097560974,5.0120477681048214e-05
869,g__Edaphobacter,2998,0.025609756097560974,4.825832729693502e-05
870,g__Succinispira,8649,0.025609756097560974,4.097284545423463e-05
871,g__Ornithinimicrobium,6203,0.025609756097560974,3.142694549751468e-05
872,g__Ekhidna,3017,0.025609756097560974,2.932903589680791e-05
873,g__Actinobacillus,144,0.025609756097560974,2.7518306524143554e-05
874,g__Propionispira,7217,0.025609756097560974,2.531762766011525e-05
875,g__Pseudofulvibacter,7381,0.025609756097560974,2.3811418941477314e-05
876,g__Sellimonas,8169,0.025609756097560974,2.2971193175180815e-05
877,g__Negativicoccus,5794,0.025609756097560974,2.1206344172242098e-05
878,g__Vagococcus,9396,0.025609756097560974,1.97200588445412e-05
879,g__Prosthecomicrobium,7238,0.025609756097560974,9.111273357120808e-06
880,g__Gemmobacter,3592,0.025609756097560974,8.90456522029126e-06
881,g__Dyella,2956,0.024390243902439025,0.0005140205030329525
882,g__Protaspis,7241,0.024390243902439025,0.0004926658002659678
883,g__Leucothrix,4847,0.024390243902439025,0.000365792860975489
884,g__Prochlorococcus,7179,0.024390243902439025,0.0002916927624028176
885,g__Diploscapter,2845,0.024390243902439025,0.0002584311587270349
886,g__Coprobacter,2254,0.024390243902439025,0.00021340078092180192
887,g__Salmonella,7983,0.024390243902439025,0.00019018536841031164
888,g__Rubidimonas,7867,0.024390243902439025,0.00013335175754036754
889,g__Mariniphaga,5159,0.024390243902439025,0.00010670681513147429
890,g__Exilispira,3291,0.024390243902439025,8.72167875058949e-05
891,g__Desulfovirga,2704,0.024390243902439025,8.151617657858878e-05
892,g__Candidatus_Stoquefichus,1630,0.024390243902439025,6.738923548255116e-05
893,g__Glycomyces,3701,0.024390243902439025,5.444440103019588e-05
894,g__Sandarakinorhabdus,7997,0.024390243902439025,5.264913852442987e-05
895,g__Carboxylicivirga,1686,0.024390243902439025,4.699570854427293e-05
896,g__Diaphanoeca,2738,0.024390243902439025,4.2992556700482965e-05
897,g__Sinobacterium,8260,0.024390243902439025,3.9578673749929294e-05
898,g__Desulfobacter,2659,0.024390243902439025,3.896848647855222e-05
899,g__Mariprofundus,5176,0.024390243902439025,3.659999492811039e-05
900,g__Telmatospirillum,8808,0.024390243902439025,2.816560481733177e-05
901,g__Methylibium,5392,0.024390243902439025,2.584022149676457e-05
902,g__Propionibacterium,7210,0.024390243902439025,2.067343120870646e-05
903,g__Aneurinibacillus,533,0.024390243902439025,1.8174092474509962e-05
904,g__Candidatus_Nitrosopelagicus,1578,0.023170731707317073,0.001111829187721014
905,g__Fervidobacterium,3363,0.023170731707317073,0.0005353139713406563
906,g__Cryothecomonas,2374,0.023170731707317073,0.0005258673918433487
907,g__Flavicella,3405,0.023170731707317073,0.0003013951354660094
908,g__Cochlodinium,2147,0.023170731707317073,0.00020044334814883769
909,g__Telotrochidium,8811,0.023170731707317073,0.00017768375982996076
910,g__Pseudovorticella,7476,0.023170731707317073,0.00017694047710392624
911,g__Leptospirillum,4824,0.023170731707317073,0.00014350640412885696
912,g__Pirsonia,6886,0.023170731707317073,0.00012394163059070706
913,g__Methyloprofundus,5419,0.023170731707317073,0.00011998616537312046
914,g__Desulfitobacterium,2656,0.023170731707317073,7.65747536206618e-05
915,g__Hahella,3841,0.023170731707317073,6.845276948297396e-05
916,g__Marinococcus,5168,0.023170731707317073,5.937721289228648e-05
917,g__Planctomyces,6934,0.023170731707317073,4.945510590914637e-05
918,g__Bryocella,1272,0.023170731707317073,4.669992995331995e-05
919,g__Siphonobacter,8272,0.023170731707317073,4.257644832250662e-05
920,g__Acidocella,102,0.023170731707317073,3.776314770220779e-05
921,g__Tetragenococcus,8874,0.023170731707317073,3.749835741473362e-05
922,g__Methylomicrobium,5412,0.023170731707317073,3.41156919603236e-05
923,g__Aminivibrio,405,0.023170731707317073,3.346725497976877e-05
924,g__Pseudobutyrivibrio,7343,0.023170731707317073,3.1347830372396857e-05
925,g__Thalassiosira,8903,0.023170731707317073,2.9930031814728864e-05
926,g__Oryzihumus,6219,0.023170731707317073,2.805439362418838e-05
927,g__Pelospora,6607,0.023170731707317073,2.5368462956976146e-05
928,g__Nitrolancea,5936,0.023170731707317073,2.2873648049426265e-05
929,g__Marinagarivorans,5145,0.023170731707317073,1.8877202819567174e-05
930,g__Gillisia,3643,0.023170731707317073,1.7388912965543568e-05
931,g__Elstera,3039,0.023170731707317073,1.627353958610911e-05
932,g__Luteococcus,5024,0.023170731707317073,1.3511083125195e-05
933,g__Janthinobacterium,4463,0.023170731707317073,1.243882616108749e-05
934,g__Tsukamurella,9278,0.023170731707317073,9.360595868201926e-06
935,g__Defluviitalea,2573,0.02195121951219512,0.0007741766166873276
936,g__Perlucidibaca,6655,0.02195121951219512,0.0002498459361959249
937,g__Methylococcus,5401,0.02195121951219512,0.00022027749218977988
938,g__Peridinium,6645,0.02195121951219512,0.00019582534150686115
939,g__Phaeocystis,6696,0.02195121951219512,0.00015591926057823002
940,g__Litorimonas,4940,0.02195121951219512,0.00010404839122202247
941,g__Fluviicoccus,3433,0.02195121951219512,9.035680704982951e-05
942,g__Filifactor,3375,0.02195121951219512,8.079505641944706e-05
943,g__Pseudohaliea,7390,0.02195121951219512,6.817433313699439e-05
944,g__Geopsychrobacter,3614,0.02195121951219512,5.832653914694674e-05
945,g__Georgfuchsia,3618,0.02195121951219512,4.637787424144335e-05
946,g__Senegalimassilia,8179,0.02195121951219512,4.24091012973804e-05
947,g__Buchnera,1280,0.02195121951219512,3.705956260091625e-05
948,g__Candidatus_Chloroploca,1468,0.02195121951219512,2.409970693406649e-05
949,g__Rufibacter,7887,0.02195121951219512,2.3184858946478926e-05
950,g__Alkalibacterium,321,0.02195121951219512,2.1037205442553386e-05
951,g__Chiayiivirga,1892,0.02195121951219512,1.6463378415210173e-05
952,g__Rhodopila,7742,0.02195121951219512,1.6302301446557976e-05
953,g__Libanicoccus,4856,0.02195121951219512,1.256757605005987e-05
954,g__Catellatospora,1726,0.02195121951219512,1.2460773177735973e-05
955,g__Thermobacillus,8961,0.02195121951219512,9.325602150056511e-06
956,g__Constrictibacter,2242,0.020731707317073172,0.0012753045884892344
957,g__Aurantivirga,886,0.020731707317073172,0.0004884383524768054
958,g__Neoceratium,5825,0.020731707317073172,0.0004022826615255326
959,g__Roseobacter,7845,0.020731707317073172,0.00028389738872647285
960,g__Pelagostrobilidium,6593,0.020731707317073172,0.00021022565488237888
961,g__Neobodo,5819,0.020731707317073172,0.00018499807629268616
962,g__Brooklawnia,1264,0.020731707317073172,0.00014350740821100771
963,g__Haloplasma,3938,0.020731707317073172,9.897799463942647e-05
964,g__Limibacillus,4873,0.020731707317073172,9.544115891912952e-05
965,g__Mucispirillum,5640,0.020731707317073172,7.876381278038025e-05
966,g__Roseococcus,7846,0.020731707317073172,5.872566543985158e-05
967,g__Mobilitalea,5555,0.020731707317073172,5.214091288507916e-05
968,g__Psychrilyobacter,7489,0.020731707317073172,4.2088817281182855e-05
969,g__Variibacter,9418,0.020731707317073172,3.896080670529045e-05
970,g__Phocea,6775,0.020731707317073172,3.303145422250964e-05
971,g__Dokdonia,2898,0.020731707317073172,3.191185533069074e-05
972,g__Tropicimonas,9266,0.020731707317073172,2.596967351564672e-05
973,g__Marimicrobium,5142,0.020731707317073172,2.5342516892123967e-05
974,g__Stephanopyxis,8547,0.020731707317073172,1.9078737750533037e-05
975,g__Fuerstia,3493,0.020731707317073172,1.7838192434282973e-05
976,g__Catenulispora,1738,0.020731707317073172,1.5074105249368586e-05
977,g__Curtobacterium,2420,0.020731707317073172,1.0846528311958537e-05
978,g__Desulfotalea,2698,0.020731707317073172,9.545131433696952e-06
979,g__Piscinibacter,6892,0.020731707317073172,9.540871360513847e-06
980,g__Magnetovibrio,5089,0.020731707317073172,9.07041976461187e-06
981,g__Flaviflexus,3406,0.020731707317073172,7.860836376494262e-06
982,g__Kaistia,4500,0.020731707317073172,5.854846676811576e-06
983,g__Ebria,2968,0.01951219512195122,0.0006111845723353326
984,g__Cercomonas,1818,0.01951219512195122,0.0003911132807843387
985,g__Symbiobacterium,8698,0.01951219512195122,0.00028691659099422395
986,g__Dictyocha,2761,0.01951219512195122,0.0002247826341772452
987,g__Neptuniibacter,5889,0.01951219512195122,0.00016500538913533092
988,g__Cycloclasticus,2455,0.01951219512195122,0.00014977501996327192
989,g__Dethiosulfatibacter,2718,0.01951219512195122,0.00011781876673921943
990,g__Hellea,4065,0.01951219512195122,0.00011597185948630795
991,g__Pectobacterium,6569,0.01951219512195122,0.00010274576197843999
992,g__Filimonas,3376,0.01951219512195122,9.195991151500493e-05
993,g__Desulfoconvexum,2668,0.01951219512195122,8.921668631955981e-05
994,g__Herminiimonas,4104,0.01951219512195122,7.732632366241887e-05
995,g__Citrobacter,2072,0.01951219512195122,7.524112879764289e-05
996,g__Sporanaerobacter,8458,0.01951219512195122,7.217312668217346e-05
997,g__Candidatus_Methanoperedens,1556,0.01951219512195122,6.0255377320572734e-05
998,g__Euglypha,3228,0.01951219512195122,5.748532566940412e-05
999,g__Desulfuromusa,2715,0.01951219512195122,5.339656490832567e-05
1000,g__Desulfonema,2684,0.01951219512195122,5.204087938182056e-05
